Datetime,Water Level (m)
2026-02-07 06:00:00,-0.83259296
2026-02-07 07:00:00,-0.4136659
2026-02-07 08:00:00,-0.07338108
2026-02-07 09:00:00,0.1988788
2026-02-07 10:00:00,0.3477033
2026-02-07 11:00:00,0.31352425
2026-02-07 12:00:00,0.08034389
2026-02-07 13:00:00,-0.15633814
2026-02-07 14:00:00,-0.36317316
2026-02-07 15:00:00,-0.5447731
2026-02-07 16:00:00,-0.6984176
2026-02-07 17:00:00,-0.81995547
2026-02-07 18:00:00,-0.7870106
2026-02-07 19:00:00,-0.3908937
2026-02-07 20:00:00,-0.058843646
2026-02-07 21:00:00,0.18792473
2026-02-07 22:00:00,0.28972307
2026-02-07 23:00:00,0.18875894
2026-02-08 00:00:00,-0.058726218
2026-02-08 01:00:00,-0.28327033
2026-02-08 02:00:00,-0.47507066
2026-02-08 03:00:00,-0.65019333
2026-02-08 04:00:00,-0.7994846
2026-02-08 05:00:00,-0.9288982
2026-02-08 06:00:00,-0.9812843
2026-02-08 07:00:00,-0.6925978
2026-02-08 08:00:00,-0.34095415
2026-02-08 09:00:00,-0.051245175
2026-02-08 10:00:00,0.15190764
2026-02-08 11:00:00,0.2217991
2026-02-08 12:00:00,0.107006416
2026-02-08 13:00:00,-0.12111472
2026-02-08 14:00:00,-0.3158272
2026-02-08 15:00:00,-0.48979205
2026-02-08 16:00:00,-0.6376439
2026-02-08 17:00:00,-0.7516903
2026-02-08 18:00:00,-0.77937704
2026-02-08 19:00:00,-0.5126208
2026-02-08 20:00:00,-0.21783504
2026-02-08 21:00:00,0.008256846
2026-02-08 22:00:00,0.15163758
2026-02-08 23:00:00,0.14826295
2026-02-09 00:00:00,-0.037584834
2026-02-09 01:00:00,-0.25282073
2026-02-09 02:00:00,-0.43810245
2026-02-09 03:00:00,-0.60169923
2026-02-09 04:00:00,-0.74639064
2026-02-09 05:00:00,-0.8650629
2026-02-09 06:00:00,-0.93076825
2026-02-09 07:00:00,-0.78959286
2026-02-09 08:00:00,-0.48297817
2026-02-09 09:00:00,-0.21774837
2026-02-09 10:00:00,-0.009117773
2026-02-09 11:00:00,0.12562752
2026-02-09 12:00:00,0.14647995
2026-02-09 13:00:00,0.012122621
2026-02-09 14:00:00,-0.18274431
2026-02-09 15:00:00,-0.35562253
2026-02-09 16:00:00,-0.5016781
2026-02-09 17:00:00,-0.6175628
2026-02-09 18:00:00,-0.6799193
2026-02-09 19:00:00,-0.5910859
2026-02-09 20:00:00,-0.35156336
2026-02-09 21:00:00,-0.14847055
2026-02-09 22:00:00,-0.006052108
2026-02-09 23:00:00,0.049962994
2026-02-10 00:00:00,-0.03423841
2026-02-10 01:00:00,-0.21749723
2026-02-10 02:00:00,-0.3908841
2026-02-10 03:00:00,-0.5412537
2026-02-10 04:00:00,-0.6681888
2026-02-10 05:00:00,-0.77390134
2026-02-10 06:00:00,-0.8408586
2026-02-10 07:00:00,-0.8266868
2026-02-10 08:00:00,-0.62200534
2026-02-10 09:00:00,-0.39029098
2026-02-10 10:00:00,-0.1869215
2026-02-10 11:00:00,-0.0320482
2026-02-10 12:00:00,0.06383269
2026-02-10 13:00:00,0.06446005
2026-02-10 14:00:00,-0.04565396
2026-02-10 15:00:00,-0.19934161
2026-02-10 16:00:00,-0.33719242
2026-02-10 17:00:00,-0.4532593
2026-02-10 18:00:00,-0.53889257
2026-02-10 19:00:00,-0.5694721
2026-02-10 20:00:00,-0.51156765
2026-02-10 21:00:00,-0.38452822
2026-02-10 22:00:00,-0.26468548
2026-02-10 23:00:00,-0.18009269
2026-02-11 00:00:00,-0.16287497
2026-02-11 01:00:00,-0.2459965
2026-02-11 02:00:00,-0.37525487
2026-02-11 03:00:00,-0.49872002
2026-02-11 04:00:00,-0.6093928
2026-02-11 05:00:00,-0.70475286
2026-02-11 06:00:00,-0.7804529
2026-02-11 07:00:00,-0.8258389
2026-02-11 08:00:00,-0.80223274
2026-02-11 09:00:00,-0.6426602
2026-02-11 10:00:00,-0.46367148
2026-02-11 11:00:00,-0.28795522
2026-02-11 12:00:00,-0.12743771
2026-02-11 13:00:00,-0.015368941
2026-02-11 14:00:00,0.025572274
2026-02-11 15:00:00,-0.008079822
2026-02-11 16:00:00,-0.107486196
2026-02-11 17:00:00,-0.23596969
2026-02-11 18:00:00,-0.3571429
2026-02-11 19:00:00,-0.46144727
2026-02-11 20:00:00,-0.54041773
2026-02-11 21:00:00,-0.5861842
2026-02-11 22:00:00,-0.59047145
2026-02-11 23:00:00,-0.52847475
2026-02-12 00:00:00,-0.41414806
2026-02-12 01:00:00,-0.33865675
2026-02-12 02:00:00,-0.32461327
2026-02-12 03:00:00,-0.3641169
2026-02-12 04:00:00,-0.4341127
2026-02-12 05:00:00,-0.51526934
2026-02-12 06:00:00,-0.60718894
2026-02-12 07:00:00,-0.7033709
2026-02-12 08:00:00,-0.78639936
2026-02-12 09:00:00,-0.83434767
2026-02-12 10:00:00,-0.79956365
2026-02-12 11:00:00,-0.61982834
2026-02-12 12:00:00,-0.41388717
2026-02-12 13:00:00,-0.21048728
2026-02-12 14:00:00,-0.041691888
2026-02-12 15:00:00,0.07087726
2026-02-12 16:00:00,0.10112152
2026-02-12 17:00:00,0.042073436
2026-02-12 18:00:00,-0.099544756
2026-02-12 19:00:00,-0.25798726
2026-02-12 20:00:00,-0.4038222
2026-02-12 21:00:00,-0.53653705
2026-02-12 22:00:00,-0.6462549
2026-02-12 23:00:00,-0.71294224
2026-02-13 00:00:00,-0.70686716
2026-02-13 01:00:00,-0.54676914
2026-02-13 02:00:00,-0.3722397
2026-02-13 03:00:00,-0.25683698
2026-02-13 04:00:00,-0.20444286
2026-02-13 05:00:00,-0.22237879
2026-02-13 06:00:00,-0.3293773
